"X","p.value"
"26:3550:aacA-ap:A:C",0
"26:3569:group_7535:A:C",0
"26:4334:group_7513:A:C",0
"26:4339:hin_3:A:C",0
"26:4345:tcaA_2:A:C",0
"26:4377:group_8589:A:C",0
"26:4378:group_9229:A:C",0
"26:4347:group_10041:A:C",0
"26:4353:group_6645:A:C",0
"26:4357:group_8037:A:C",0
"26:4359:group_9244:A:C",0
"26:4365:nes:A:C",0
"26:4381:group_5909:A:C",0
"26:4368:group_8036:A:C",0
"26:4370:group_9243:A:C",0
"26:4408:group_8591:A:C",0
"26:4414:traA:A:C",0
"26:4429:group_6271:A:C",0
"26:4428:traI:A:C",0
"26:4431:traK:A:C",0
"26:4433:traM:A:C",0
"26:4434:traL:A:C",0
"26:4435:traJ:A:C",0
"26:4437:traE:A:C",0
"26:4447:traO:A:C",0
"26:4450:traG:A:C",0
"26:4451:traF:A:C",0
"26:4457:traC:A:C",0
"26:4458:group_8614:A:C",0
"26:4460:traH:A:C",0
"26:4459:traB:A:C",0
"26:3968:thyA_1:A:C",0
"26:3972:dfrA_2:A:C",0
"26:4666:bsmA:A:C",0
"26:3107:group_5307:A:C",0
"26:4880:group_5928:A:C",0
"26:5355:group_4041:A:C",0
"26:2395:group_6139:A:C",0
"26:2569:group_6140:A:C",0
"26:4010:truncated-tnp:A:C",0
"26:5178:group_5927:A:C",0
"26:5539:group_8044:A:C",0
"26:1943:ugpQ_4:A:C",0
"26:2465:group_86:A:C",0
"26:2470:group_85:A:C",0
"26:3308:group_2584:A:C",0
"26:5509:group_5926:A:C",0
"26:1966:mecA_1:A:C",0
"26:3389:group_4671:A:C",0
